{
    "mAP": 0.8076658361320482,
    "precision": 0.8076658361320482,
    "recall": 0.8508308157099698
}